gene_id	gene_symbol	description	scientific_name	common_name	tax_id	genomic_range	orientation	location	gene_type	transcript_accession	transcript_name	transcript_length	transcript_cds_coords	protein_accession	isoform_name	protein_length	protein_name
547810	PHYA	phytochrome A	Glycine max	soybean	3847	NC_038246.2:37647365-37653325	+	chr 10	PROTEIN_CODING	XM_006588439.4	transcript variant X1	3830	XM_006588439.4:77-3652	XP_006588502.1	isoform X1	1191	phytochrome A
547810	PHYA	phytochrome A	Glycine max	soybean	3847	NC_038246.2:37647365-37653325	+	chr 10	PROTEIN_CODING	NM_001251357.2		3815	NM_001251357.2:151-3543	NP_001238286.2		1130	phytochrome A
547810	PHYA	phytochrome A	Glycine max	soybean	3847	NC_038246.2:37647365-37653325	+	chr 10	PROTEIN_CODING	XM_006588441.3	transcript variant X3	3770	XM_006588441.3:200-3592	XP_006588504.1	isoform X2	1130	phytochrome A
547810	PHYA	phytochrome A	Glycine max	soybean	3847	NC_038246.2:37647365-37653325	+	chr 10	PROTEIN_CODING	XM_006588442.3	transcript variant X2	3765	XM_006588442.3:195-3587	XP_006588505.1	isoform X2	1130	phytochrome A
